Timestamp,UTC,Callsign,Position,Altitude,Speed,Direction
1787424130,2026-08-22T18:42:10Z,WUK933J,"37.019154,-7.967715",0,0,8
1787424158,2026-08-22T18:42:38Z,WUK933J,"37.01899,-7.967745",0,2,8
1787424177,2026-08-22T18:42:57Z,WUK933J,"37.018787,-7.967791",0,2,11
1787424196,2026-08-22T18:43:16Z,WUK933J,"37.018581,-7.967805",0,2,19
1787424216,2026-08-22T18:43:36Z,WUK933J,"37.018375,-7.967834",0,2,64
1787424238,2026-08-22T18:43:58Z,WUK933J,"37.01825,-7.968039",0,2,98
1787424398,2026-08-22T18:46:38Z,WUK933J,"37.018223,-7.96782",0,5,101
1787424405,2026-08-22T18:46:45Z,WUK933J,"37.018188,-7.967566",0,7,101
1787424413,2026-08-22T18:46:53Z,WUK933J,"37.018143,-7.967267",0,8,101
1787424419,2026-08-22T18:46:59Z,WUK933J,"37.018097,-7.966954",0,9,98
1787424426,2026-08-22T18:47:06Z,WUK933J,"37.018055,-7.966622",0,10,98
1787424429,2026-08-22T18:47:09Z,WUK933J,"37.018024,-7.966386",0,10,101
1787424434,2026-08-22T18:47:14Z,WUK933J,"37.017979,-7.966148",0,11,101
1787424438,2026-08-22T18:47:18Z,WUK933J,"37.017944,-7.965849",0,11,98
1787424442,2026-08-22T18:47:22Z,WUK933J,"37.01791,-7.965625",0,10,101
1787424446,2026-08-22T18:47:26Z,WUK933J,"37.017849,-7.965409",0,10,106
1787424452,2026-08-22T18:47:32Z,WUK933J,"37.01762,-7.965219",0,11,146
1787424457,2026-08-22T18:47:37Z,WUK933J,"37.017357,-7.965263",0,11,182
1787424461,2026-08-22T18:47:41Z,WUK933J,"37.017128,-7.965327",0,12,188
1787424466,2026-08-22T18:47:46Z,WUK933J,"37.01685,-7.965372",0,13,188
1787424471,2026-08-22T18:47:51Z,WUK933J,"37.016602,-7.965438",0,12,191
1787424475,2026-08-22T18:47:55Z,WUK933J,"37.016373,-7.965416",0,12,177
1787424483,2026-08-22T18:48:03Z,WUK933J,"37.01614,-7.965028",0,12,118
1787424486,2026-08-22T18:48:06Z,WUK933J,"37.016109,-7.964781",0,12,104
1787424490,2026-08-22T18:48:10Z,WUK933J,"37.016083,-7.96455",0,12,101
1787424493,2026-08-22T18:48:13Z,WUK933J,"37.016041,-7.964299",0,13,101
1787424497,2026-08-22T18:48:17Z,WUK933J,"37.015999,-7.963998",0,14,101
1787424500,2026-08-22T18:48:20Z,WUK933J,"37.015972,-7.963788",0,14,101
1787424503,2026-08-22T18:48:23Z,WUK933J,"37.015938,-7.96351",0,15,98
1787424506,2026-08-22T18:48:26Z,WUK933J,"37.015896,-7.963252",0,15,101
1787424509,2026-08-22T18:48:29Z,WUK933J,"37.015862,-7.962968",0,16,98
1787424511,2026-08-22T18:48:31Z,WUK933J,"37.015835,-7.962765",0,16,98
1787424513,2026-08-22T18:48:33Z,WUK933J,"37.0158,-7.962531",0,17,101
1787424516,2026-08-22T18:48:36Z,WUK933J,"37.015766,-7.962296",0,17,101
1787424518,2026-08-22T18:48:38Z,WUK933J,"37.01572,-7.962035",0,18,101
1787424521,2026-08-22T18:48:41Z,WUK933J,"37.015686,-7.961771",0,18,98
1787424523,2026-08-22T18:48:43Z,WUK933J,"37.015652,-7.961491",0,19,101
1787424526,2026-08-22T18:48:46Z,WUK933J,"37.015606,-7.961222",0,19,98
1787424529,2026-08-22T18:48:49Z,WUK933J,"37.015556,-7.960893",0,20,98
1787424531,2026-08-22T18:48:51Z,WUK933J,"37.015522,-7.960625",0,20,101
1787424534,2026-08-22T18:48:54Z,WUK933J,"37.015488,-7.960326",0,19,101
1787424536,2026-08-22T18:48:56Z,WUK933J,"37.015446,-7.960077",0,17,101
1787424538,2026-08-22T18:48:58Z,WUK933J,"37.015423,-7.959872",0,15,101
1787424541,2026-08-22T18:49:01Z,WUK933J,"37.015377,-7.959624",0,13,101
1787424544,2026-08-22T18:49:04Z,WUK933J,"37.015354,-7.959419",0,12,98
1787424548,2026-08-22T18:49:08Z,WUK933J,"37.01532,-7.959171",0,12,101
1787424553,2026-08-22T18:49:13Z,WUK933J,"37.015274,-7.958908",0,10,101
1787424556,2026-08-22T18:49:16Z,WUK933J,"37.015205,-7.958704",0,9,109
1787424562,2026-08-22T18:49:22Z,WUK933J,"37.015045,-7.958499",0,9,132
1787424568,2026-08-22T18:49:28Z,WUK933J,"37.014828,-7.958382",0,9,154
1787424572,2026-08-22T18:49:32Z,WUK933J,"37.014626,-7.958401",0,9,177
1787424577,2026-08-22T18:49:37Z,WUK933J,"37.014416,-7.958446",0,9,188
1787424584,2026-08-22T18:49:44Z,WUK933J,"37.014172,-7.958505",0,9,188
1787424590,2026-08-22T18:49:50Z,WUK933J,"37.013935,-7.958558",0,9,191
1787424596,2026-08-22T18:49:56Z,WUK933J,"37.013672,-7.958624",0,9,191
1787424603,2026-08-22T18:50:03Z,WUK933J,"37.013485,-7.958833",0,9,222
1787424607,2026-08-22T18:50:07Z,WUK933J,"37.013462,-7.959072",0,9,253
1787424611,2026-08-22T18:50:11Z,WUK933J,"37.013508,-7.959281",0,10,275
1787424615,2026-08-22T18:50:15Z,WUK933J,"37.013546,-7.959535",0,13,278
1787424617,2026-08-22T18:50:17Z,WUK933J,"37.013569,-7.959741",0,16,278
1787424619,2026-08-22T18:50:19Z,WUK933J,"37.013603,-7.959953",0,24,278
1787424621,2026-08-22T18:50:21Z,WUK933J,"37.013672,-7.960445",0,40,281
1787424622,2026-08-22T18:50:22Z,WUK933J,"37.013718,-7.960774",0,45,281
1787424624,2026-08-22T18:50:24Z,WUK933J,"37.013767,-7.961102",0,50,281
1787424625,2026-08-22T18:50:25Z,WUK933J,"37.013809,-7.961421",0,55,281
1787424627,2026-08-22T18:50:27Z,WUK933J,"37.013935,-7.962254",0,65,278
1787424628,2026-08-22T18:50:28Z,WUK933J,"37.013992,-7.962707",0,70,278
1787424629,2026-08-22T18:50:29Z,WUK933J,"37.014072,-7.963203",0,80,278
1787424630,2026-08-22T18:50:30Z,WUK933J,"37.014118,-7.963598",0,80,278
1787424631,2026-08-22T18:50:31Z,WUK933J,"37.014221,-7.96427",0,89,279
1787424632,2026-08-22T18:50:32Z,WUK933J,"37.01429,-7.964789",0,94,279
1787424633,2026-08-22T18:50:33Z,WUK933J,"37.014359,-7.965263",0,98,279
1787424635,2026-08-22T18:50:35Z,WUK933J,"37.014568,-7.9667",25,106,280
1787424638,2026-08-22T18:50:38Z,WUK933J,"37.014771,-7.968127",25,115,279
1787424640,2026-08-22T18:50:40Z,WUK933J,"37.014988,-7.969805",25,123,280
1787424642,2026-08-22T18:50:42Z,WUK933J,"37.015228,-7.971399",25,131,280
1787424646,2026-08-22T18:50:46Z,WUK933J,"37.015594,-7.974087",0,146,279
1787424648,2026-08-22T18:50:48Z,WUK933J,"37.015919,-7.976134",0,152,279
1787424650,2026-08-22T18:50:50Z,WUK933J,"37.016151,-7.977925",50,156,280
1787424653,2026-08-22T18:50:53Z,WUK933J,"37.01643,-7.979896",125,159,279
1787424655,2026-08-22T18:50:55Z,WUK933J,"37.016693,-7.981918",175,159,279
1787424657,2026-08-22T18:50:57Z,WUK933J,"37.016968,-7.983847",275,159,279
1787424659,2026-08-22T18:50:59Z,WUK933J,"37.017178,-7.985806",350,159,279
1787424661,2026-08-22T18:51:01Z,WUK933J,"37.017456,-7.987837",450,159,279
1787424663,2026-08-22T18:51:03Z,WUK933J,"37.01778,-7.990046",550,159,279
1787424665,2026-08-22T18:51:05Z,WUK933J,"37.018013,-7.991957",675,159,279
1787424672,2026-08-22T18:51:12Z,WUK933J,"37.018799,-7.997755",1000,158,279
1787424681,2026-08-22T18:51:21Z,WUK933J,"37.019989,-8.005761",1350,163,280
1787424690,2026-08-22T18:51:30Z,WUK933J,"37.021366,-8.014586",1550,176,281
1787424692,2026-08-22T18:51:32Z,WUK933J,"37.021645,-8.016616",1575,179,280
1787424694,2026-08-22T18:51:34Z,WUK933J,"37.021957,-8.018559",1625,182,280
1787424696,2026-08-22T18:51:36Z,WUK933J,"37.022369,-8.021247",1675,186,280
1787424698,2026-08-22T18:51:38Z,WUK933J,"37.02269,-8.023351",1700,189,280
1787424701,2026-08-22T18:51:41Z,WUK933J,"37.023087,-8.02617",1750,192,280
1787424703,2026-08-22T18:51:43Z,WUK933J,"37.023415,-8.028319",1800,195,280
1787424711,2026-08-22T18:51:51Z,WUK933J,"37.024811,-8.037693",2000,205,280
1787424718,2026-08-22T18:51:58Z,WUK933J,"37.025974,-8.045515",2175,212,280
1787424726,2026-08-22T18:52:06Z,WUK933J,"37.027588,-8.056251",2400,222,280
1787424735,2026-08-22T18:52:15Z,WUK933J,"37.029282,-8.067237",2650,232,281
1787424744,2026-08-22T18:52:24Z,WUK933J,"37.031113,-8.078983",3025,237,280
1787424750,2026-08-22T18:52:30Z,WUK933J,"37.032444,-8.087371",3300,240,281
1787424754,2026-08-22T18:52:34Z,WUK933J,"37.033493,-8.093301",3400,246,283
1787424756,2026-08-22T18:52:36Z,WUK933J,"37.034168,-8.096028",3450,250,286
1787424758,2026-08-22T18:52:38Z,WUK933J,"37.034912,-8.098677",3500,253,291
1787424760,2026-08-22T18:52:40Z,WUK933J,"37.03603,-8.101999",3525,256,293
1787424762,2026-08-22T18:52:42Z,WUK933J,"37.037193,-8.104746",3575,258,297
1787424764,2026-08-22T18:52:44Z,WUK933J,"37.038437,-8.107209",3600,263,303
1787424767,2026-08-22T18:52:47Z,WUK933J,"37.040218,-8.110179",3650,266,308
1787424769,2026-08-22T18:52:49Z,WUK933J,"37.042221,-8.112986",3725,268,312
1787424771,2026-08-22T18:52:51Z,WUK933J,"37.044083,-8.115135",3775,271,319
1787424773,2026-08-22T18:52:53Z,WUK933J,"37.04631,-8.117202",3825,272,321
1787424775,2026-08-22T18:52:55Z,WUK933J,"37.04837,-8.118896",3875,274,326
1787424777,2026-08-22T18:52:57Z,WUK933J,"37.050785,-8.120508",3950,275,333
1787424780,2026-08-22T18:53:00Z,WUK933J,"37.053162,-8.121822",4025,276,338
1787424782,2026-08-22T18:53:02Z,WUK933J,"37.055813,-8.122897",4125,276,342
1787424784,2026-08-22T18:53:04Z,WUK933J,"37.058533,-8.123689",4225,275,347
1787424786,2026-08-22T18:53:06Z,WUK933J,"37.061691,-8.124272",4350,274,354
1787424789,2026-08-22T18:53:09Z,WUK933J,"37.064621,-8.124448",4475,274,358
1787424791,2026-08-22T18:53:11Z,WUK933J,"37.067139,-8.124331",4600,272,2
1787424793,2026-08-22T18:53:13Z,WUK933J,"37.069546,-8.124091",4700,271,5
1787424795,2026-08-22T18:53:15Z,WUK933J,"37.072155,-8.123733",4825,270,6
1787424797,2026-08-22T18:53:17Z,WUK933J,"37.074715,-8.123375",4925,271,7
1787424799,2026-08-22T18:53:19Z,WUK933J,"37.077183,-8.122956",5025,270,7
1787424801,2026-08-22T18:53:21Z,WUK933J,"37.080349,-8.122359",5175,270,8
1787424803,2026-08-22T18:53:23Z,WUK933J,"37.082794,-8.121877",5275,270,8
1787424805,2026-08-22T18:53:25Z,WUK933J,"37.085495,-8.121409",5375,271,8
1787424808,2026-08-22T18:53:28Z,WUK933J,"37.088058,-8.120942",5475,271,8
1787424810,2026-08-22T18:53:30Z,WUK933J,"37.091007,-8.120389",5575,272,8
1787424812,2026-08-22T18:53:32Z,WUK933J,"37.093689,-8.11989",5675,274,7
1787424814,2026-08-22T18:53:34Z,WUK933J,"37.096081,-8.119493",5750,274,7
1787424816,2026-08-22T18:53:36Z,WUK933J,"37.098782,-8.119076",5850,276,7
1787424818,2026-08-22T18:53:38Z,WUK933J,"37.101994,-8.118538",5950,277,7
1787424831,2026-08-22T18:53:51Z,WUK933J,"37.11866,-8.11609",6450,284,6
1787424844,2026-08-22T18:54:04Z,WUK933J,"37.135712,-8.113812",6975,289,5
1787424857,2026-08-22T18:54:17Z,WUK933J,"37.153061,-8.111709",7550,291,5
1787424870,2026-08-22T18:54:30Z,WUK933J,"37.170425,-8.109642",8125,293,5
1787424883,2026-08-22T18:54:43Z,WUK933J,"37.188255,-8.107552",8650,298,5
1787424896,2026-08-22T18:54:56Z,WUK933J,"37.205898,-8.105343",9125,302,5
1787424911,2026-08-22T18:55:11Z,WUK933J,"37.226986,-8.102715",9700,306,5
1787424924,2026-08-22T18:55:24Z,WUK933J,"37.245255,-8.100371",10225,309,5
1787424937,2026-08-22T18:55:37Z,WUK933J,"37.264462,-8.097939",10500,323,5
1787424952,2026-08-22T18:55:52Z,WUK933J,"37.287506,-8.095073",10800,337,5
1787424967,2026-08-22T18:56:07Z,WUK933J,"37.31078,-8.092207",11275,344,5
1787424980,2026-08-22T18:56:20Z,WUK933J,"37.331726,-8.089561",11725,348,5
1787424995,2026-08-22T18:56:35Z,WUK933J,"37.355026,-8.08658",12275,351,5
1787425025,2026-08-22T18:57:05Z,WUK933J,"37.405472,-8.080269",13350,359,5
1787425058,2026-08-22T18:57:38Z,WUK933J,"37.460213,-8.072802",14475,368,6
1787425088,2026-08-22T18:58:08Z,WUK933J,"37.511856,-8.065309",15425,377,6
1787425120,2026-08-22T18:58:40Z,WUK933J,"37.569214,-8.057128",16450,386,6
1787425152,2026-08-22T18:59:12Z,WUK933J,"37.625381,-8.049647",17675,386,5
1787425184,2026-08-22T18:59:44Z,WUK933J,"37.683292,-8.041992",18525,396,5
1787425216,2026-08-22T19:00:16Z,WUK933J,"37.742321,-8.033872",19450,401,6
1787425249,2026-08-22T19:00:49Z,WUK933J,"37.802418,-8.02611",20350,407,5
1787425280,2026-08-22T19:01:20Z,WUK933J,"37.861862,-8.018033",21475,404,6
1787425312,2026-08-22T19:01:52Z,WUK933J,"37.921326,-8.005059",22250,412,11
1787425345,2026-08-22T19:02:25Z,WUK933J,"37.982204,-7.989151",22950,420,11
1787425377,2026-08-22T19:02:57Z,WUK933J,"38.044163,-7.973387",23850,421,11
1787425406,2026-08-22T19:03:26Z,WUK933J,"38.100357,-7.959069",24450,427,11
1787425438,2026-08-22T19:03:58Z,WUK933J,"38.163391,-7.942882",25150,431,11
1787425470,2026-08-22T19:04:30Z,WUK933J,"38.226517,-7.926753",25725,438,11
1787425502,2026-08-22T19:05:02Z,WUK933J,"38.290565,-7.910275",26300,444,11
1787425534,2026-08-22T19:05:34Z,WUK933J,"38.355877,-7.893558",26875,450,11
1787425566,2026-08-22T19:06:06Z,WUK933J,"38.422119,-7.876541",27450,457,11
1787425598,2026-08-22T19:06:38Z,WUK933J,"38.488178,-7.859436",28025,462,11
1787425630,2026-08-22T19:07:10Z,WUK933J,"38.555283,-7.842089",28600,466,11
1787425662,2026-08-22T19:07:42Z,WUK933J,"38.621925,-7.824768",29175,470,11
1787425693,2026-08-22T19:08:13Z,WUK933J,"38.690449,-7.807007",29850,470,11
1787425725,2026-08-22T19:08:45Z,WUK933J,"38.759022,-7.789246",30250,477,11
1787425756,2026-08-22T19:09:16Z,WUK933J,"38.826141,-7.771752",30750,480,11
1787425788,2026-08-22T19:09:48Z,WUK933J,"38.896225,-7.753422",31200,484,11
1787425820,2026-08-22T19:10:20Z,WUK933J,"38.966457,-7.735046",31775,486,11
1787425852,2026-08-22T19:10:52Z,WUK933J,"39.037033,-7.716522",32400,485,11
1787425883,2026-08-22T19:11:23Z,WUK933J,"39.106018,-7.698431",33025,483,11
1787425915,2026-08-22T19:11:55Z,WUK933J,"39.175011,-7.680298",33725,479,11
1787425947,2026-08-22T19:12:27Z,WUK933J,"39.243023,-7.662354",34000,474,11
1787425978,2026-08-22T19:12:58Z,WUK933J,"39.311176,-7.644409",34000,483,11
1787426010,2026-08-22T19:13:30Z,WUK933J,"39.380772,-7.626221",34000,488,11
1787426041,2026-08-22T19:14:01Z,WUK933J,"39.451763,-7.607361",34000,488,11
1787426073,2026-08-22T19:14:33Z,WUK933J,"39.520981,-7.588806",34000,488,11
1787426104,2026-08-22T19:15:04Z,WUK933J,"39.590607,-7.570297",34000,487,11
1787426136,2026-08-22T19:15:36Z,WUK933J,"39.659409,-7.551907",34000,483,11
1787426167,2026-08-22T19:16:07Z,WUK933J,"39.726936,-7.533813",34000,479,11
1787426198,2026-08-22T19:16:38Z,WUK933J,"39.794403,-7.515842",34000,479,11
1787426231,2026-08-22T19:17:11Z,WUK933J,"39.866779,-7.496521",34000,480,11
1787426263,2026-08-22T19:17:43Z,WUK933J,"39.935444,-7.478131",34000,479,11
1787426294,2026-08-22T19:18:14Z,WUK933J,"40.004341,-7.459592",34000,480,11
1787426326,2026-08-22T19:18:46Z,WUK933J,"40.072491,-7.441302",33975,479,11
1787426357,2026-08-22T19:19:17Z,WUK933J,"40.141388,-7.422485",34000,479,11
1787426388,2026-08-22T19:19:48Z,WUK933J,"40.209682,-7.403911",33975,479,11
1787426420,2026-08-22T19:20:20Z,WUK933J,"40.277573,-7.385437",33975,480,11
1787426452,2026-08-22T19:20:52Z,WUK933J,"40.346191,-7.36676",34000,480,11
1787426483,2026-08-22T19:21:23Z,WUK933J,"40.413849,-7.348328",34025,480,11
1787426515,2026-08-22T19:21:55Z,WUK933J,"40.483597,-7.329317",34000,481,11
1787426547,2026-08-22T19:22:27Z,WUK933J,"40.553375,-7.310215",33975,482,11
1787426579,2026-08-22T19:22:59Z,WUK933J,"40.622787,-7.291176",34000,482,11
1787426610,2026-08-22T19:23:30Z,WUK933J,"40.692627,-7.271973",34000,484,11
1787426642,2026-08-22T19:24:02Z,WUK933J,"40.762207,-7.252808",34025,484,11
1787426675,2026-08-22T19:24:35Z,WUK933J,"40.833435,-7.233093",34025,484,11
1787426706,2026-08-22T19:25:06Z,WUK933J,"40.902798,-7.213773",34000,486,11
1787426738,2026-08-22T19:25:38Z,WUK933J,"40.971909,-7.194519",34000,486,11
1787426770,2026-08-22T19:26:10Z,WUK933J,"41.043015,-7.174884",34025,486,11
1787426801,2026-08-22T19:26:41Z,WUK933J,"41.112843,-7.155408",34025,488,11
1787426833,2026-08-22T19:27:13Z,WUK933J,"41.182297,-7.135808",34025,486,11
1787426865,2026-08-22T19:27:45Z,WUK933J,"41.252014,-7.116272",34000,486,11
1787426897,2026-08-22T19:28:17Z,WUK933J,"41.322605,-7.096481",34000,486,12
1787426929,2026-08-22T19:28:49Z,WUK933J,"41.392155,-7.07692",33975,486,11
1787426961,2026-08-22T19:29:21Z,WUK933J,"41.462959,-7.057119",34000,486,12
1787426993,2026-08-22T19:29:53Z,WUK933J,"41.53223,-7.037637",34000,485,12
1787427024,2026-08-22T19:30:24Z,WUK933J,"41.601791,-7.017891",34000,484,12
1787427056,2026-08-22T19:30:56Z,WUK933J,"41.670444,-6.998419",34000,485,12
1787427088,2026-08-22T19:31:28Z,WUK933J,"41.741638,-6.977067",34000,487,14
1787427120,2026-08-22T19:32:00Z,WUK933J,"41.81131,-6.950226",34000,488,15
1787427152,2026-08-22T19:32:32Z,WUK933J,"41.880814,-6.924772",34000,489,15
1787427183,2026-08-22T19:33:03Z,WUK933J,"41.949463,-6.899601",34000,489,15
1787427215,2026-08-22T19:33:35Z,WUK933J,"42.018677,-6.873634",33975,490,15
1787427247,2026-08-22T19:34:07Z,WUK933J,"42.088299,-6.847357",34000,491,15
1787427279,2026-08-22T19:34:39Z,WUK933J,"42.159027,-6.820637",34025,490,15
1787427311,2026-08-22T19:35:11Z,WUK933J,"42.229721,-6.794022",34025,489,15
1787427343,2026-08-22T19:35:43Z,WUK933J,"42.298016,-6.768153",34025,490,15
1787427375,2026-08-22T19:36:15Z,WUK933J,"42.367859,-6.741611",33975,490,15
1787427407,2026-08-22T19:36:47Z,WUK933J,"42.438931,-6.714563",33975,490,15
1787427438,2026-08-22T19:37:18Z,WUK933J,"42.505142,-6.689301",34025,490,15
1787427470,2026-08-22T19:37:50Z,WUK933J,"42.574677,-6.662761",34000,490,15
1787427502,2026-08-22T19:38:22Z,WUK933J,"42.644783,-6.635934",33975,490,15
1787427534,2026-08-22T19:38:54Z,WUK933J,"42.713745,-6.609462",33975,490,15
1787427566,2026-08-22T19:39:26Z,WUK933J,"42.783417,-6.582599",34000,490,15
1787427598,2026-08-22T19:39:58Z,WUK933J,"42.854462,-6.555261",34000,491,15
1787427630,2026-08-22T19:40:30Z,WUK933J,"42.923443,-6.52856",34000,491,15
1787427662,2026-08-22T19:41:02Z,WUK933J,"42.993484,-6.501351",34025,491,15
1787427693,2026-08-22T19:41:33Z,WUK933J,"43.062836,-6.474396",34000,491,15
1787427725,2026-08-22T19:42:05Z,WUK933J,"43.130741,-6.448059",34000,494,15
1787427756,2026-08-22T19:42:36Z,WUK933J,"43.201492,-6.420551",34000,501,15
1787427788,2026-08-22T19:43:08Z,WUK933J,"43.271667,-6.393021",34000,499,16
1787427820,2026-08-22T19:43:40Z,WUK933J,"43.341522,-6.365555",34000,500,16
1787427851,2026-08-22T19:44:11Z,WUK933J,"43.411591,-6.338",34050,501,16
1787427883,2026-08-22T19:44:43Z,WUK933J,"43.482864,-6.309945",34550,502,16
1787427914,2026-08-22T19:45:14Z,WUK933J,"43.552692,-6.282414",34900,506,16
1787427945,2026-08-22T19:45:45Z,WUK933J,"43.623962,-6.254163",35375,507,16
1787427977,2026-08-22T19:46:17Z,WUK933J,"43.693977,-6.22624",35875,506,16
1787428008,2026-08-22T19:46:48Z,WUK933J,"43.764225,-6.198185",36000,504,16
1787428039,2026-08-22T19:47:19Z,WUK933J,"43.83382,-6.170327",36000,504,16
1787428071,2026-08-22T19:47:51Z,WUK933J,"43.904892,-6.141996",36000,503,16
1787428103,2026-08-22T19:48:23Z,WUK933J,"43.977676,-6.11287",36000,504,16
1787428134,2026-08-22T19:48:54Z,WUK933J,"44.045773,-6.08551",36000,506,16
1787428166,2026-08-22T19:49:26Z,WUK933J,"44.117844,-6.052062",36000,515,25
1787428168,2026-08-22T19:49:28Z,WUK933J,"44.12291,-6.048627",36000,516,26
1787428170,2026-08-22T19:49:30Z,WUK933J,"44.127365,-6.045483",36025,517,27
1787428172,2026-08-22T19:49:32Z,WUK933J,"44.131622,-6.042289",36025,518,28
1787428174,2026-08-22T19:49:34Z,WUK933J,"44.136082,-6.038753",36025,517,29
1787428176,2026-08-22T19:49:36Z,WUK933J,"44.140179,-6.035418",36025,518,30
1787428179,2026-08-22T19:49:39Z,WUK933J,"44.144211,-6.032069",36025,520,31
1787428181,2026-08-22T19:49:41Z,WUK933J,"44.148884,-6.028159",36025,518,31
1787428183,2026-08-22T19:49:43Z,WUK933J,"44.153824,-6.023957",36025,520,31
1787428185,2026-08-22T19:49:45Z,WUK933J,"44.157715,-6.020636",36025,519,31
1787428187,2026-08-22T19:49:47Z,WUK933J,"44.162712,-6.016388",36025,520,31
1787428189,2026-08-22T19:49:49Z,WUK933J,"44.166779,-6.01297",36050,519,31
1787428220,2026-08-22T19:50:20Z,WUK933J,"44.228485,-5.962176",36050,518,30
1787428251,2026-08-22T19:50:51Z,WUK933J,"44.294315,-5.909372",36050,519,29
1787428283,2026-08-22T19:51:23Z,WUK933J,"44.360733,-5.855909",36050,518,30
1787428315,2026-08-22T19:51:55Z,WUK933J,"44.426331,-5.802808",36025,518,30
1787428346,2026-08-22T19:52:26Z,WUK933J,"44.490997,-5.750137",36000,516,30
1787428379,2026-08-22T19:52:59Z,WUK933J,"44.558125,-5.695406",35975,515,30
1787428411,2026-08-22T19:53:31Z,WUK933J,"44.623947,-5.641479",35975,514,30
1787428442,2026-08-22T19:54:02Z,WUK933J,"44.68808,-5.588902",35975,514,30
1787428474,2026-08-22T19:54:34Z,WUK933J,"44.754501,-5.534363",35950,513,30
1787428506,2026-08-22T19:55:06Z,WUK933J,"44.819778,-5.480477",35975,514,30
1787428538,2026-08-22T19:55:38Z,WUK933J,"44.885155,-5.426509",35975,514,30
1787428571,2026-08-22T19:56:11Z,WUK933J,"44.95134,-5.371791",35975,516,30
1787428602,2026-08-22T19:56:42Z,WUK933J,"45.017132,-5.317182",36000,516,30
1787428633,2026-08-22T19:57:13Z,WUK933J,"45.078964,-5.26559",36000,516,30
1787428665,2026-08-22T19:57:45Z,WUK933J,"45.145058,-5.210601",36025,516,30
1787428697,2026-08-22T19:58:17Z,WUK933J,"45.21172,-5.154799",36000,517,30
1787428730,2026-08-22T19:58:50Z,WUK933J,"45.278595,-5.098506",36000,517,30
1787428760,2026-08-22T19:59:20Z,WUK933J,"45.340389,-5.046409",36000,517,30
1787428792,2026-08-22T19:59:52Z,WUK933J,"45.405853,-4.991193",36025,518,30
1787428822,2026-08-22T20:00:22Z,WUK933J,"45.468384,-4.938354",36025,517,30
1787428854,2026-08-22T20:00:54Z,WUK933J,"45.535309,-4.881657",36025,517,30
1787428885,2026-08-22T20:01:25Z,WUK933J,"45.596832,-4.829228",36000,516,30
1787428917,2026-08-22T20:01:57Z,WUK933J,"45.663757,-4.772086",36000,516,30
1787428949,2026-08-22T20:02:29Z,WUK933J,"45.727798,-4.717392",36000,515,30
1787428981,2026-08-22T20:03:01Z,WUK933J,"45.79335,-4.661016",36000,514,31
1787429014,2026-08-22T20:03:34Z,WUK933J,"45.860287,-4.60334",36000,513,31
1787429046,2026-08-22T20:04:06Z,WUK933J,"45.925922,-4.546692",36000,512,31
1787429078,2026-08-22T20:04:38Z,WUK933J,"45.991657,-4.489906",36000,510,31
1787429110,2026-08-22T20:05:10Z,WUK933J,"46.055145,-4.434859",35975,510,31
1787429142,2026-08-22T20:05:42Z,WUK933J,"46.118591,-4.379592",35975,510,31
1787429174,2026-08-22T20:06:14Z,WUK933J,"46.183685,-4.322777",35975,510,31
1787429205,2026-08-22T20:06:45Z,WUK933J,"46.247505,-4.267021",35975,510,31
1787429237,2026-08-22T20:07:17Z,WUK933J,"46.309933,-4.212296",35975,510,31
1787429269,2026-08-22T20:07:49Z,WUK933J,"46.374207,-4.155779",35975,512,31
1787429300,2026-08-22T20:08:20Z,WUK933J,"46.437904,-4.099548",36025,512,31
1787429332,2026-08-22T20:08:52Z,WUK933J,"46.502193,-4.042625",36025,513,31
1787429363,2026-08-22T20:09:23Z,WUK933J,"46.566528,-3.985497",36025,513,31
1787429395,2026-08-22T20:09:55Z,WUK933J,"46.62928,-3.929672",36025,513,31
1787429426,2026-08-22T20:10:26Z,WUK933J,"46.693863,-3.872145",36000,512,31
1787429458,2026-08-22T20:10:58Z,WUK933J,"46.758041,-3.814667",36025,512,31
1787429490,2026-08-22T20:11:30Z,WUK933J,"46.821308,-3.757805",36000,512,31
1787429521,2026-08-22T20:12:01Z,WUK933J,"46.885025,-3.700607",36000,510,31
1787429553,2026-08-22T20:12:33Z,WUK933J,"46.947514,-3.644433",36025,509,31
1787429585,2026-08-22T20:13:05Z,WUK933J,"47.01297,-3.585045",36025,507,31
1787429617,2026-08-22T20:13:37Z,WUK933J,"47.074879,-3.528724",36025,506,31
1787429648,2026-08-22T20:14:08Z,WUK933J,"47.138168,-3.471336",36025,504,31
1787429681,2026-08-22T20:14:41Z,WUK933J,"47.201797,-3.41304",35975,504,31
1787429712,2026-08-22T20:15:12Z,WUK933J,"47.264008,-3.356186",35950,503,31
1787429743,2026-08-22T20:15:43Z,WUK933J,"47.325005,-3.300476",35950,503,31
1787429775,2026-08-22T20:16:15Z,WUK933J,"47.387787,-3.242683",35975,504,32
1787429807,2026-08-22T20:16:47Z,WUK933J,"47.451393,-3.183922",35975,504,32
1787429838,2026-08-22T20:17:18Z,WUK933J,"47.513866,-3.126033",36000,504,32
1787429870,2026-08-22T20:17:50Z,WUK933J,"47.574921,-3.069443",36000,504,32
1787429902,2026-08-22T20:18:22Z,WUK933J,"47.63768,-3.011147",36000,506,32
1787429933,2026-08-22T20:18:53Z,WUK933J,"47.700165,-2.952713",36000,506,32
1787429965,2026-08-22T20:19:25Z,WUK933J,"47.762878,-2.893936",36000,507,32
1787429997,2026-08-22T20:19:57Z,WUK933J,"47.82642,-2.834261",36000,507,32
1787430028,2026-08-22T20:20:28Z,WUK933J,"47.887573,-2.776794",36025,508,32
1787430060,2026-08-22T20:21:00Z,WUK933J,"47.950993,-2.717003",36025,508,32
1787430092,2026-08-22T20:21:32Z,WUK933J,"48.014305,-2.657142",36025,509,32
1787430123,2026-08-22T20:22:03Z,WUK933J,"48.077103,-2.597421",36025,509,32
1787430155,2026-08-22T20:22:35Z,WUK933J,"48.139709,-2.537498",36025,508,32
1787430187,2026-08-22T20:23:07Z,WUK933J,"48.202423,-2.477634",36025,508,32
1787430219,2026-08-22T20:23:39Z,WUK933J,"48.266235,-2.416781",36025,506,32
1787430250,2026-08-22T20:24:10Z,WUK933J,"48.328217,-2.357624",36025,504,32
1787430283,2026-08-22T20:24:43Z,WUK933J,"48.391331,-2.296649",36000,502,32
1787430314,2026-08-22T20:25:14Z,WUK933J,"48.453049,-2.236704",35975,502,32
1787430346,2026-08-22T20:25:46Z,WUK933J,"48.514603,-2.176883",36000,499,32
1787430377,2026-08-22T20:26:17Z,WUK933J,"48.575958,-2.117333",35975,498,32
1787430409,2026-08-22T20:26:49Z,WUK933J,"48.635635,-2.059286",35975,498,32
1787430441,2026-08-22T20:27:21Z,WUK933J,"48.69783,-1.998283",36000,497,33
1787430472,2026-08-22T20:27:52Z,WUK933J,"48.758835,-1.938946",36000,495,31
1787430504,2026-08-22T20:28:24Z,WUK933J,"48.821007,-1.886974",36025,490,27
1787430535,2026-08-22T20:28:55Z,WUK933J,"48.883621,-1.836407",36025,489,28
1787430566,2026-08-22T20:29:26Z,WUK933J,"48.94606,-1.784574",36025,487,28
1787430598,2026-08-22T20:29:58Z,WUK933J,"49.008659,-1.731575",36000,484,29
1787430630,2026-08-22T20:30:30Z,WUK933J,"49.069519,-1.679781",35975,483,29
1787430661,2026-08-22T20:31:01Z,WUK933J,"49.131371,-1.627061",35975,482,29
1787430693,2026-08-22T20:31:33Z,WUK933J,"49.19371,-1.578299",35950,476,21
1787430697,2026-08-22T20:31:37Z,WUK933J,"49.20282,-1.573158",35975,474,19
1787430700,2026-08-22T20:31:40Z,WUK933J,"49.206646,-1.571117",35975,474,18
1787430702,2026-08-22T20:31:42Z,WUK933J,"49.211105,-1.568862",35975,474,17
1787430704,2026-08-22T20:31:44Z,WUK933J,"49.215397,-1.56678",35975,473,17
1787430706,2026-08-22T20:31:46Z,WUK933J,"49.219574,-1.564777",35975,472,17
1787430708,2026-08-22T20:31:48Z,WUK933J,"49.223824,-1.562733",35975,472,17
1787430710,2026-08-22T20:31:50Z,WUK933J,"49.22834,-1.560637",35975,472,17
1787430742,2026-08-22T20:32:22Z,WUK933J,"49.294373,-1.528579",35975,474,17
1787430773,2026-08-22T20:32:53Z,WUK933J,"49.360107,-1.49576",35975,474,18
1787430805,2026-08-22T20:33:25Z,WUK933J,"49.425018,-1.463435",36000,474,18
1787430836,2026-08-22T20:33:56Z,WUK933J,"49.490891,-1.430752",36025,474,17
1787430868,2026-08-22T20:34:28Z,WUK933J,"49.557602,-1.397342",36050,473,18
1787430899,2026-08-22T20:34:59Z,WUK933J,"49.622131,-1.364979",36050,472,17
1787430930,2026-08-22T20:35:30Z,WUK933J,"49.686813,-1.332526",36050,471,17
1787430962,2026-08-22T20:36:02Z,WUK933J,"49.751083,-1.300218",36025,469,17
1787430993,2026-08-22T20:36:33Z,WUK933J,"49.815765,-1.267837",36000,468,17
1787431024,2026-08-22T20:37:04Z,WUK933J,"49.880211,-1.235517",35725,472,18
1787431056,2026-08-22T20:37:36Z,WUK933J,"49.94487,-1.202632",34750,468,18
1787431089,2026-08-22T20:38:09Z,WUK933J,"50.013245,-1.16802",33250,472,18
1787431120,2026-08-22T20:38:40Z,WUK933J,"50.078568,-1.134844",31825,474,18
1787431151,2026-08-22T20:39:11Z,WUK933J,"50.143799,-1.101596",30750,476,18
1787431183,2026-08-22T20:39:43Z,WUK933J,"50.208939,-1.068059",29675,465,18
1787431214,2026-08-22T20:40:14Z,WUK933J,"50.272247,-1.035172",28600,457,18
1787431245,2026-08-22T20:40:45Z,WUK933J,"50.334515,-1.002948",27525,448,18
1787431277,2026-08-22T20:41:17Z,WUK933J,"50.39629,-0.971177",26525,438,18
1787431308,2026-08-22T20:41:48Z,WUK933J,"50.455307,-0.940704",25525,428,18
1787431340,2026-08-22T20:42:20Z,WUK933J,"50.514084,-0.910203",24500,418,18
1787431371,2026-08-22T20:42:51Z,WUK933J,"50.570625,-0.880465",23500,406,18
1787431403,2026-08-22T20:43:23Z,WUK933J,"50.625732,-0.851585",22525,396,18
1787431434,2026-08-22T20:43:54Z,WUK933J,"50.679062,-0.823752",21575,384,18
1787431451,2026-08-22T20:44:11Z,WUK933J,"50.707584,-0.812454",21175,375,8
1787431453,2026-08-22T20:44:13Z,WUK933J,"50.711121,-0.811691",21150,375,7
1787431455,2026-08-22T20:44:15Z,WUK933J,"50.714706,-0.811005",21125,374,6
1787431457,2026-08-22T20:44:17Z,WUK933J,"50.718616,-0.810394",21100,373,5
1787431459,2026-08-22T20:44:19Z,WUK933J,"50.721317,-0.810013",21075,374,5
1787431461,2026-08-22T20:44:21Z,WUK933J,"50.724747,-0.809574",21050,374,4
1787431463,2026-08-22T20:44:23Z,WUK933J,"50.728905,-0.809021",21000,374,4
1787431465,2026-08-22T20:44:25Z,WUK933J,"50.732304,-0.808563",20975,374,4
1787431467,2026-08-22T20:44:27Z,WUK933J,"50.735748,-0.808105",20950,374,4
1787431469,2026-08-22T20:44:29Z,WUK933J,"50.739239,-0.807724",20900,375,4
1787431471,2026-08-22T20:44:31Z,WUK933J,"50.742783,-0.807198",20875,375,4
1787431502,2026-08-22T20:45:02Z,WUK933J,"50.796478,-0.799923",20350,374,5
1787431533,2026-08-22T20:45:33Z,WUK933J,"50.850632,-0.792278",19825,371,5
1787431565,2026-08-22T20:46:05Z,WUK933J,"50.904007,-0.78478",19125,370,5
1787431596,2026-08-22T20:46:36Z,WUK933J,"50.956192,-0.777431",18175,362,5
1787431627,2026-08-22T20:47:07Z,WUK933J,"51.008217,-0.770264",18000,360,4
1787431658,2026-08-22T20:47:38Z,WUK933J,"51.05983,-0.763179",18000,366,4
1787431689,2026-08-22T20:48:09Z,WUK933J,"51.112198,-0.75583",17950,360,5
1787431721,2026-08-22T20:48:41Z,WUK933J,"51.163471,-0.748749",16850,356,4
1787431752,2026-08-22T20:49:12Z,WUK933J,"51.215515,-0.741503",14925,356,5
1787431783,2026-08-22T20:49:43Z,WUK933J,"51.264542,-0.734451",14050,322,5
1787431814,2026-08-22T20:50:14Z,WUK933J,"51.308487,-0.728438",13975,304,4
1787431846,2026-08-22T20:50:46Z,WUK933J,"51.352612,-0.721893",13950,301,5
1787431877,2026-08-22T20:51:17Z,WUK933J,"51.39679,-0.71567",12500,308,5
1787431908,2026-08-22T20:51:48Z,WUK933J,"51.440826,-0.708618",11175,312,5
1787431923,2026-08-22T20:52:03Z,WUK933J,"51.461636,-0.705414",11025,292,5
1787431935,2026-08-22T20:52:15Z,WUK933J,"51.477539,-0.703051",11000,289,5
1787431949,2026-08-22T20:52:29Z,WUK933J,"51.496876,-0.70015",10900,287,5
1787431962,2026-08-22T20:52:42Z,WUK933J,"51.512787,-0.697855",10600,281,5
1787431976,2026-08-22T20:52:56Z,WUK933J,"51.531513,-0.69519",9975,279,4
1787431991,2026-08-22T20:53:11Z,WUK933J,"51.550087,-0.692596",9350,284,5
1787432005,2026-08-22T20:53:25Z,WUK933J,"51.568893,-0.68985",8875,278,5
1787432018,2026-08-22T20:53:38Z,WUK933J,"51.584766,-0.687561",8425,274,5
1787432032,2026-08-22T20:53:52Z,WUK933J,"51.603016,-0.684814",7800,273,5
1787432046,2026-08-22T20:54:06Z,WUK933J,"51.620773,-0.682117",7375,264,5
1787432059,2026-08-22T20:54:19Z,WUK933J,"51.636017,-0.679593",6925,258,5
1787432074,2026-08-22T20:54:34Z,WUK933J,"51.652863,-0.676847",6450,253,5
1787432086,2026-08-22T20:54:46Z,WUK933J,"51.667328,-0.674471",6125,245,6
1787432100,2026-08-22T20:55:00Z,WUK933J,"51.683258,-0.671576",5775,238,6
1787432113,2026-08-22T20:55:13Z,WUK933J,"51.696716,-0.669127",5525,230,6
1787432127,2026-08-22T20:55:27Z,WUK933J,"51.711575,-0.666351",5275,217,6
1787432140,2026-08-22T20:55:40Z,WUK933J,"51.723911,-0.664063",4975,213,6
1787432148,2026-08-22T20:55:48Z,WUK933J,"51.732059,-0.662613",4800,209,6
1787432156,2026-08-22T20:55:56Z,WUK933J,"51.739746,-0.661184",4575,210,6
1787432163,2026-08-22T20:56:03Z,WUK933J,"51.74593,-0.660095",4400,211,6
1787432171,2026-08-22T20:56:11Z,WUK933J,"51.753658,-0.658569",4250,208,6
1787432179,2026-08-22T20:56:19Z,WUK933J,"51.761761,-0.657043",4125,204,6
1787432187,2026-08-22T20:56:27Z,WUK933J,"51.768997,-0.655691",4025,196,6
1787432195,2026-08-22T20:56:35Z,WUK933J,"51.776329,-0.654144",3925,192,10
1787432198,2026-08-22T20:56:38Z,WUK933J,"51.778519,-0.653315",3875,192,13
1787432200,2026-08-22T20:56:40Z,WUK933J,"51.780193,-0.652542",3825,192,17
1787432202,2026-08-22T20:56:42Z,WUK933J,"51.78159,-0.651627",3775,192,22
1787432204,2026-08-22T20:56:44Z,WUK933J,"51.783325,-0.650272",3725,192,26
1787432206,2026-08-22T20:56:46Z,WUK933J,"51.785019,-0.648787",3700,192,29
1787432208,2026-08-22T20:56:48Z,WUK933J,"51.786484,-0.647377",3650,191,31
1787432210,2026-08-22T20:56:50Z,WUK933J,"51.78804,-0.645744",3625,192,33
1787432212,2026-08-22T20:56:52Z,WUK933J,"51.789551,-0.644073",3575,191,34
1787432214,2026-08-22T20:56:54Z,WUK933J,"51.791275,-0.642166",3525,190,34
1787432216,2026-08-22T20:56:56Z,WUK933J,"51.792622,-0.640564",3500,190,35
1787432218,2026-08-22T20:56:58Z,WUK933J,"51.794113,-0.638885",3450,190,35
1787432220,2026-08-22T20:57:00Z,WUK933J,"51.795593,-0.637207",3400,189,35
1787432222,2026-08-22T20:57:02Z,WUK933J,"51.796875,-0.635648",3375,190,35
1787432225,2026-08-22T20:57:05Z,WUK933J,"51.798676,-0.633545",3350,188,36
1787432227,2026-08-22T20:57:07Z,WUK933J,"51.800079,-0.631862",3325,188,36
1787432229,2026-08-22T20:57:09Z,WUK933J,"51.801315,-0.630452",3300,189,35
1787432231,2026-08-22T20:57:11Z,WUK933J,"51.80291,-0.628586",3250,189,35
1787432233,2026-08-22T20:57:13Z,WUK933J,"51.804337,-0.626889",3225,189,35
1787432235,2026-08-22T20:57:15Z,WUK933J,"51.805847,-0.625181",3200,189,35
1787432237,2026-08-22T20:57:17Z,WUK933J,"51.807335,-0.623474",3175,189,35
1787432245,2026-08-22T20:57:25Z,WUK933J,"51.81348,-0.616379",3075,192,35
1787432254,2026-08-22T20:57:34Z,WUK933J,"51.819534,-0.609444",2975,193,35
1787432262,2026-08-22T20:57:42Z,WUK933J,"51.825394,-0.602763",2900,190,35
1787432271,2026-08-22T20:57:51Z,WUK933J,"51.831493,-0.595245",2825,192,40
1787432273,2026-08-22T20:57:53Z,WUK933J,"51.832672,-0.593336",2800,190,46
1787432275,2026-08-22T20:57:55Z,WUK933J,"51.83382,-0.591202",2750,190,50
1787432277,2026-08-22T20:57:57Z,WUK933J,"51.834988,-0.588608",2725,189,55
1787432279,2026-08-22T20:57:59Z,WUK933J,"51.835686,-0.5867",2700,188,59
1787432281,2026-08-22T20:58:01Z,WUK933J,"51.8367,-0.583612",2650,187,63
1787432283,2026-08-22T20:58:03Z,WUK933J,"51.837406,-0.581131",2625,186,66
1787432285,2026-08-22T20:58:05Z,WUK933J,"51.838104,-0.578079",2600,184,69
1787432287,2026-08-22T20:58:07Z,WUK933J,"51.838531,-0.57604",2600,182,72
1787432289,2026-08-22T20:58:09Z,WUK933J,"51.839081,-0.573293",2575,182,72
1787432291,2026-08-22T20:58:11Z,WUK933J,"51.839584,-0.570547",2550,179,73
1787432293,2026-08-22T20:58:13Z,WUK933J,"51.840088,-0.567874",2525,179,73
1787432295,2026-08-22T20:58:15Z,WUK933J,"51.840591,-0.565054",2500,178,73
1787432297,2026-08-22T20:58:17Z,WUK933J,"51.841038,-0.562668",2475,178,73
1787432299,2026-08-22T20:58:19Z,WUK933J,"51.841503,-0.559921",2425,177,74
1787432301,2026-08-22T20:58:21Z,WUK933J,"51.841965,-0.557259",2400,177,74
1787432304,2026-08-22T20:58:24Z,WUK933J,"51.842525,-0.554276",2375,177,74
1787432306,2026-08-22T20:58:26Z,WUK933J,"51.842972,-0.551692",2325,176,74
1787432308,2026-08-22T20:58:28Z,WUK933J,"51.843338,-0.549539",2300,176,74
1787432310,2026-08-22T20:58:30Z,WUK933J,"51.843739,-0.54718",2275,175,74
1787432312,2026-08-22T20:58:32Z,WUK933J,"51.84425,-0.544128",2225,175,74
1787432314,2026-08-22T20:58:34Z,WUK933J,"51.84462,-0.541967",2200,174,74
1787432322,2026-08-22T20:58:42Z,WUK933J,"51.846485,-0.531082",2075,172,74
1787432330,2026-08-22T20:58:50Z,WUK933J,"51.84816,-0.521164",1925,170,74
1787432339,2026-08-22T20:58:59Z,WUK933J,"51.84993,-0.510788",1800,168,74
1787432347,2026-08-22T20:59:07Z,WUK933J,"51.851715,-0.500694",1675,164,74
1787432356,2026-08-22T20:59:16Z,WUK933J,"51.85342,-0.490723",1575,157,74
1787432362,2026-08-22T20:59:22Z,WUK933J,"51.854553,-0.484215",1500,150,74
1787432370,2026-08-22T20:59:30Z,WUK933J,"51.856167,-0.475006",1375,143,74
1787432377,2026-08-22T20:59:37Z,WUK933J,"51.857254,-0.468775",1275,136,74
1787432385,2026-08-22T20:59:45Z,WUK933J,"51.858627,-0.461055",1200,131,74
1787432393,2026-08-22T20:59:53Z,WUK933J,"51.859985,-0.45311",1100,129,74
1787432400,2026-08-22T21:00:00Z,WUK933J,"51.861053,-0.447025",1050,130,74
1787432408,2026-08-22T21:00:08Z,WUK933J,"51.862335,-0.439453",950,130,74
1787432416,2026-08-22T21:00:16Z,WUK933J,"51.863708,-0.431671",850,129,74
1787432423,2026-08-22T21:00:23Z,WUK933J,"51.86478,-0.425415",775,128,74
1787432431,2026-08-22T21:00:31Z,WUK933J,"51.866089,-0.417852",675,127,74
1787432440,2026-08-22T21:00:40Z,WUK933J,"51.867462,-0.409983",575,127,74
1787432446,2026-08-22T21:00:46Z,WUK933J,"51.868504,-0.403976",525,127,74
1787432454,2026-08-22T21:00:54Z,WUK933J,"51.869751,-0.39677",425,126,74
1787432461,2026-08-22T21:01:01Z,WUK933J,"51.870804,-0.39046",350,127,74
1787432469,2026-08-22T21:01:09Z,WUK933J,"51.872131,-0.382963",250,129,74
1787432478,2026-08-22T21:01:18Z,WUK933J,"51.873531,-0.374832",200,125,75
1787432485,2026-08-22T21:01:25Z,WUK933J,"51.874554,-0.368919",0,92,75
1787432493,2026-08-22T21:01:33Z,WUK933J,"51.875217,-0.365086",0,64,75
1787432500,2026-08-22T21:01:40Z,WUK933J,"51.875748,-0.362011",0,41,75
1787432508,2026-08-22T21:01:48Z,WUK933J,"51.87608,-0.36005",0,28,75
1787432515,2026-08-22T21:01:55Z,WUK933J,"51.876221,-0.359325",0,8,70
1787432520,2026-08-22T21:02:00Z,WUK933J,"51.876392,-0.359116",0,11,42
1787432525,2026-08-22T21:02:05Z,WUK933J,"51.876652,-0.359135",0,12,2
1787432528,2026-08-22T21:02:08Z,WUK933J,"51.876884,-0.35923",0,14,348
1787432532,2026-08-22T21:02:12Z,WUK933J,"51.877098,-0.35932",0,15,345
1787432535,2026-08-22T21:02:15Z,WUK933J,"51.877312,-0.359421",0,12,343
1787432540,2026-08-22T21:02:20Z,WUK933J,"51.877522,-0.359561",0,12,337
1787432544,2026-08-22T21:02:24Z,WUK933J,"51.877728,-0.359839",0,12,317
1787432549,2026-08-22T21:02:29Z,WUK933J,"51.877838,-0.360222",0,13,298
1787432551,2026-08-22T21:02:31Z,WUK933J,"51.877865,-0.360433",0,13,286
1787432553,2026-08-22T21:02:33Z,WUK933J,"51.877853,-0.360693",0,14,272
1787432556,2026-08-22T21:02:36Z,WUK933J,"51.877815,-0.360928",0,14,261
1787432558,2026-08-22T21:02:38Z,WUK933J,"51.877766,-0.361214",0,15,255
1787432561,2026-08-22T21:02:41Z,WUK933J,"51.877731,-0.361423",0,15,255
1787432563,2026-08-22T21:02:43Z,WUK933J,"51.877682,-0.361732",0,16,255
1787432565,2026-08-22T21:02:45Z,WUK933J,"51.877625,-0.362029",0,17,253
1787432568,2026-08-22T21:02:48Z,WUK933J,"51.877583,-0.362301",0,17,255
1787432570,2026-08-22T21:02:50Z,WUK933J,"51.877533,-0.362586",0,18,253
1787432572,2026-08-22T21:02:52Z,WUK933J,"51.877476,-0.362939",0,19,253
1787432574,2026-08-22T21:02:54Z,WUK933J,"51.877419,-0.363235",0,19,253
1787432577,2026-08-22T21:02:57Z,WUK933J,"51.877361,-0.363588",0,20,253
1787432579,2026-08-22T21:02:59Z,WUK933J,"51.877316,-0.363829",0,19,253
1787432580,2026-08-22T21:03:00Z,WUK933J,"51.877277,-0.364056",0,20,253
1787432587,2026-08-22T21:03:07Z,WUK933J,"51.877079,-0.365181",0,21,253
1787432594,2026-08-22T21:03:14Z,WUK933J,"51.876926,-0.366075",0,20,255
1787432601,2026-08-22T21:03:21Z,WUK933J,"51.876743,-0.367188",0,20,253
1787432609,2026-08-22T21:03:29Z,WUK933J,"51.87656,-0.36819",0,15,253
1787432614,2026-08-22T21:03:34Z,WUK933J,"51.876488,-0.368671",0,11,255
1787432618,2026-08-22T21:03:38Z,WUK933J,"51.876457,-0.368933",0,9,261
1787432621,2026-08-22T21:03:41Z,WUK933J,"51.876514,-0.369155",0,9,281
1787432626,2026-08-22T21:03:46Z,WUK933J,"51.876652,-0.369377",0,9,306
1787432633,2026-08-22T21:03:53Z,WUK933J,"51.876926,-0.369545",0,11,337
1787432639,2026-08-22T21:03:59Z,WUK933J,"51.877258,-0.369731",0,13,340
1787432643,2026-08-22T21:04:03Z,WUK933J,"51.877464,-0.369835",0,15,343
1787432646,2026-08-22T21:04:06Z,WUK933J,"51.877785,-0.370009",0,17,343
1787432650,2026-08-22T21:04:10Z,WUK933J,"51.878071,-0.370159",0,18,343
1787432654,2026-08-22T21:04:14Z,WUK933J,"51.878407,-0.370331",0,20,343
1787432661,2026-08-22T21:04:21Z,WUK933J,"51.879078,-0.370696",0,23,343
1787432670,2026-08-22T21:04:30Z,WUK933J,"51.879524,-0.370937",0,21,343
1787432677,2026-08-22T21:04:37Z,WUK933J,"51.880417,-0.371401",0,13,343
1787432688,2026-08-22T21:04:48Z,WUK933J,"51.880898,-0.371666",0,7,340
1787432696,2026-08-22T21:04:56Z,WUK933J,"51.881115,-0.371772",0,6,340
1787432704,2026-08-22T21:05:04Z,WUK933J,"51.881329,-0.371876",0,5,343
1787432715,2026-08-22T21:05:15Z,WUK933J,"51.881561,-0.371995",0,6,343
1787432722,2026-08-22T21:05:22Z,WUK933J,"51.881817,-0.372124",0,7,343
1787432730,2026-08-22T21:05:30Z,WUK933J,"51.882038,-0.372257",0,7,340
1787432736,2026-08-22T21:05:36Z,WUK933J,"51.882248,-0.372372",0,8,340
1787432742,2026-08-22T21:05:42Z,WUK933J,"51.882397,-0.3727",0,10,306
1787432746,2026-08-22T21:05:46Z,WUK933J,"51.882378,-0.37302",0,10,272
1787432750,2026-08-22T21:05:50Z,WUK933J,"51.882317,-0.37323",0,8,255
1787432756,2026-08-22T21:05:56Z,WUK933J,"51.882389,-0.373478",0,8,286
1787432763,2026-08-22T21:06:03Z,WUK933J,"51.882622,-0.373516",0,8,337
1787432778,2026-08-22T21:06:18Z,WUK933J,"51.882866,-0.37365",0,2,340
